Date,Close,Adjusted_close,Volume,Trading_Value,Volume_2,Trading_Value_2,Open,High,Low
2025-01-06,1246.35,1246.35,515112770.0,12168.04,48195462.0,1460.24,1254.79,1260.37,1244.87
2025-01-07,1248.78,1248.78,73908334.0,1352.71,53995790.0,1434.06,1249.19,1251.28,1248.11
2025-01-08,1251.02,1251.02,367525429.0,8500.28,72869816.0,1632.29,1246.16,1251.02,1239.67
2025-01-09,1245.77,1245.77,290493053.0,6617.71,45729815.0,894.14,1250.56,1253.26,1242.9
2025-01-10,1230.48,1230.48,474210876.0,10437.21,18355524.0,611.88,1245.6,1247.8,1230.48
2025-01-13,1235.65,1235.65,434026581.0,9287.14,82931871.0,2697.78,1226.66,1235.65,1220.87
2025-01-14,1229.07,1229.07,322277955.0,7132.29,48770437.0,1257.18,1234.77,1235.54,1226.7
2025-01-15,1236.18,1236.18,392612592.0,8452.02,72214156.0,1843.21,1233.29,1237.46,1231.13
2025-01-16,1242.36,1242.36,401866522.0,9440.25,88196352.0,3477.55,1241.74,1245.4,1235.56
2025-01-17,1249.11,1249.11,356809485.0,8202.83,50972159.0,1359.45,1242.38,1249.11,1239.63
2025-01-20,1249.55,1249.55,356668087.0,7786.57,74936828.0,2094.72,1250.13,1253.02,1247.5
2025-01-21,1246.09,1246.09,377031582.0,8455.39,108727256.0,2759.17,1252.75,1254.17,1243.08
2025-01-22,1242.53,1242.53,400238906.0,9323.75,100038831.0,2586.6,1248.26,1249.14,1242.53
2025-01-23,1259.63,1259.63,495614623.0,11924.02,45867457.0,1300.46,1245.59,1263.59,1244.77
2025-01-24,1265.05,1265.05,495593378.0,11104.12,28668915.0,706.24,1259.26,1265.38,1258.46
2025-02-04,1264.68,1264.68,584665483.0,13066.75,74735909.0,2177.88,1256.91,1264.68,1255.44
2025-02-05,1269.61,1269.61,533621747.0,11917.12,52952055.0,1396.72,1268.43,1271.8,1266.18
2025-02-06,1271.48,1271.48,537101428.0,11943.45,26120116.0,865.87,1273.58,1275.47,1268.28
2025-02-07,1275.2,1275.2,549313151.0,12549.53,68447444.0,2106.26,1271.98,1279.35,1269.11
2025-02-10,1263.26,1263.26,722097200.0,17271.48,72798460.0,1604.89,1272.27,1274.47,1263.26
2025-02-11,1268.45,1268.45,571766983.0,12731.69,56630367.0,1465.59,1265.44,1268.45,1263.11
2025-02-12,1266.91,1266.91,461572874.0,10140.84,44186215.0,1134.25,1270.83,1272.86,1266.59
2025-02-13,1270.35,1270.35,471455473.0,10841.47,40242989.0,888.68,1267.25,1270.67,1263.85
2025-02-14,1276.08,1276.08,612730570.0,13916.72,37141687.0,930.43,1277.52,1280.6,1274.0
2025-02-17,1272.72,1272.72,739296299.0,15412.48,113401092.0,2252.09,1277.12,1278.49,1272.72
2025-02-18,1278.14,1278.14,630727837.0,12810.75,75547474.0,1429.5,1274.05,1283.34,1272.19
2025-02-19,1288.56,1288.56,736572664.0,15354.33,75150536.0,2055.7,1280.6,1288.56,1278.92
2025-02-20,1292.98,1292.98,713812172.0,14991.82,56846228.0,1296.14,1292.94,1295.82,1290.84
2025-02-21,1296.75,1296.75,667595047.0,14469.85,72438607.0,1438.07,1293.63,1296.75,1290.98
2025-02-24,1304.56,1304.56,807662797.0,18549.63,84611409.0,2542.82,1298.29,1304.56,1294.69
2025-02-25,1303.16,1303.16,827866418.0,18130.35,57788908.0,1435.33,1306.86,1309.97,1298.54
2025-02-26,1302.96,1302.96,710467326.0,15537.87,46934989.0,1059.02,1305.16,1306.49,1301.2
2025-02-27,1307.8,1307.8,846430144.0,17754.17,45278556.0,954.31,1307.31,1307.87,1296.43
2025-02-28,1305.36,1305.36,752261254.0,16860.95,61829345.0,1789.63,1307.14,1308.77,1300.66
2025-03-03,1309.37,1309.37,801877821.0,17043.58,161359839.0,3866.15,1306.97,1309.77,1304.3
2025-03-04,1311.91,1311.91,935914817.0,20071.67,122458601.0,3090.48,1306.82,1313.21,1298.28
2025-03-05,1304.71,1304.71,770488829.0,17353.13,203476957.0,4762.71,1312.84,1319.52,1304.71
2025-03-06,1318.22,1318.22,983977939.0,20641.39,78350213.0,1775.67,1308.02,1318.22,1307.91
2025-03-07,1326.05,1326.05,892233477.0,19535.41,63181137.0,1085.72,1320.1,1327.07,1318.71
2025-03-10,1330.28,1330.28,856953551.0,19898.31,161789050.0,2808.68,1331.6,1335.87,1326.51
2025-03-11,1332.54,1332.54,847446213.0,18989.82,85312975.0,2357.68,1319.17,1332.54,1315.92
2025-03-12,1334.41,1334.41,851269716.0,19548.8,84738021.0,2240.19,1337.87,1342.91,1331.75
2025-03-13,1326.27,1326.27,997493162.0,23111.02,70168872.0,1318.66,1335.66,1340.91,1324.87
2025-03-14,1326.15,1326.15,939830088.0,21310.52,82724412.0,1712.55,1325.84,1333.32,1324.3
2025-03-17,1336.26,1336.26,837533176.0,18017.81,116653167.0,2256.11,1330.62,1336.26,1329.05
2025-03-18,1330.97,1330.97,810147102.0,17356.96,90363529.0,2260.27,1340.16,1341.65,1330.97
2025-03-19,1324.63,1324.63,835603365.0,20239.27,112750235.0,3173.06,1330.4,1330.7,1320.85
2025-03-20,1323.93,1323.93,821245236.0,17843.38,90917442.0,1687.31,1326.8,1332.41,1316.11
2025-03-21,1321.88,1321.88,714329789.0,15010.32,90059730.0,1923.44,1324.0,1325.22,1320.67
2025-03-24,1330.32,1330.32,794981660.0,17155.77,126091520.0,2357.72,1322.9,1330.32,1316.73
2025-03-25,1331.92,1331.92,825911387.0,17419.96,184668832.0,4874.41,1335.29,1337.6,1329.81
2025-03-26,1326.09,1326.09,734761077.0,16582.68,85064483.0,1954.94,1333.33,1338.55,1323.69
2025-03-27,1323.81,1323.81,564278774.0,12739.63,108046275.0,3343.52,1325.98,1328.82,1323.01
2025-03-28,1317.46,1317.46,635792433.0,14323.71,100566203.0,2696.92,1324.42,1325.34,1315.72
2025-03-31,1306.86,1306.86,753141476.0,17545.02,112783358.0,3614.64,1313.51,1314.09,1304.1
2025-04-01,1317.33,1317.33,550211861.0,13586.73,59888326.0,1289.02,1313.03,1317.46,1308.06
2025-04-02,1317.83,1317.83,709130132.0,15718.29,140080202.0,3577.05,1321.53,1324.46,1317.68
2025-04-03,1229.84,1229.84,1716843434.0,38322.29,44250266.0,1140.04,1272.87,1277.9,1229.41
2025-04-04,1210.67,1210.67,1873633940.0,39539.37,110263100.0,2644.1,1159.33,1210.67,1158.17
2025-04-08,1132.79,1132.79,1055789483.0,22841.3,89371865.0,1939.5,1173.14,1174.4,1130.98
2025-04-09,1094.3,1094.3,1518648938.0,30328.51,80600438.0,1999.77,1073.61,1141.35,1073.61
2025-04-10,1168.34,1168.34,280341215.0,4659.43,87343843.0,1592.85,1166.09,1168.4,1165.86
2025-04-11,1222.46,1222.46,1697947853.0,37326.75,32495053.0,714.31,1198.25,1222.46,1180.59
2025-04-14,1241.44,1241.44,983147350.0,22327.25,57599360.0,1893.4,1235.01,1242.94,1226.06
2025-04-15,1227.79,1227.79,1004299988.0,22761.75,64445704.0,1429.45,1233.2,1246.21,1221.75
2025-04-16,1210.3,1210.3,762327891.0,18026.41,55759833.0,1423.0,1225.29,1233.84,1205.93
2025-04-17,1217.25,1217.25,697087594.0,15720.89,84448827.0,4188.82,1201.63,1217.25,1197.5
2025-04-18,1219.12,1219.12,1039406282.0,20874.75,26994999.0,669.27,1228.37,1234.67,1219.12
2025-04-21,1207.07,1207.07,819133019.0,17396.1,61679731.0,1242.17,1220.38,1222.77,1201.63
2025-04-22,1197.13,1197.13,1615665359.0,31777.4,86238226.0,2335.09,1201.38,1203.82,1136.98
2025-04-23,1211.0,1211.0,786534109.0,17150.62,68444106.0,1840.98,1215.65,1216.28,1202.27
2025-04-24,1223.35,1223.35,741455786.0,16285.71,34460814.0,733.71,1214.78,1224.66,1210.37
2025-04-25,1229.23,1229.23,787289901.0,18375.97,67719303.0,1711.56,1227.16,1230.72,1220.67
2025-04-28,1226.8,1226.8,576313016.0,12281.0,100604816.0,1792.69,1234.3,1234.3,1222.56
2025-04-29,1226.3,1226.3,561661016.0,12139.45,110038830.0,3306.34,1227.25,1229.1,1222.3
