Ngày;Giá (nghìn VN_);;Thay __i;GD kh_p l_nh;;GD th_a thu_n;;Giá (nghìn VN_);;
;Đóng cửa;Điều chỉnh;;Khối lượng;Giá trị (tỉ VNĐ);Khối lượng;Giá trị (tỉ VNĐ);Mở cửa;Cao nhất;Thấp nhất
1/8/25;1495.21;1,495.21;-7.31(-0.49 %);1,379,786,500;36,477.6;63,218,704;2,289.03;1,506.65;1,509.03;1,486.59
31/7/25;1502.52;1,502.52;-5.11(-0.34 %);1,650,159,600;41,813.64;41,085,841;1,328.92;1,521.96;1,522.39;1,488.3
30/7/25;1507.63;1,507.63;14.22(0.95 %);1,619,066,300;40,560.75;42,434,162;1,062.12;1,502.26;1,512.15;1,482.45
29/7/25;1493.41;1,493.41;-64.01(-4.11 %);2,641,155,500;67,414.97;133,605,067;3,773.35;1,562.6;1,564.92;1,489.93
28/7/25;1557.42;1,557.42;26.29(1.72 %);1,786,939,000;44,281.6;59,782,972;2,188.91;1,541.87;1,558.12;1,538.72
25/7/25;1531.13;1,531.13;10.11(0.66 %);1,404,476,000;35,867.58;44,224,485;1,306.57;1,521.56;1,534.51;1,521.52
24/7/25;1521.02;1,521.02;8.71(0.58 %);1,389,163,200;34,086.6;79,792,606;2,516.53;1,520.25;1,525.32;1,502.82
23/7/25;1512.31;1,512.31;2.77(0.18 %);1,438,007,400;36,150.44;57,333,567;1,714.96;1,519.58;1,523.37;1,507.14
22/7/25;1509.54;1,509.54;24.49(1.65 %);1,229,770,900;30,443.04;54,599,826;2,886.65;1,484.15;1,509.67;1,476.61
21/7/25;1485.05;1,485.05;-12.23(-0.82 %);1,388,123,900;32,802.47;66,927,382;1,770.25;1,508.6;1,511.96;1,485.05
18/7/25;1497.28;1,497.28;7.27(0.49 %);1,458,843,700;34,768.66;27,321,989;836.65;1,497.53;1,501.2;1,484.29
17/7/25;1490.01;1,490.01;22.82(1.56 %);1,404,149,000;34,191.75;42,416,010;1,370.23;1,481.79;1,494.36;1,481.44
16/7/25;1467.19;1,467.19;6.54(0.45 %);1,217,850,400;27,451.68;127,492,417;5,150.14;1,459.87;1,467.52;1,457.31
15/7/25;1460.65;1,460.65;-9.77(-0.66 %);1,331,406,200;32,053.09;73,465,865;2,220.29;1,473.8;1,476.32;1,460.49
14/7/25;1470.42;1,470.42;12.66(0.87 %);1,255,895,600;29,131.18;89,541,407;2,205.12;1,471.4;1,473.93;1,447.72
11/7/25;1457.76;1,457.76;12.12(0.84 %);1,231,433,400;30,765.51;35,881,800;943.72;1,451.12;1,463.91;1,448.29
10/7/25;1445.64;1,445.64;14.32(1.00 %);1,073,003,900;26,209.02;47,365,082;1,179.2;1,437.18;1,446.16;1,434.06
9/7/25;1431.32;1,431.32;15.86(1.12 %);1,430,114,600;33,510.62;53,569,400;1,287.33;1,421.12;1,432.29;1,420.26
8/7/25;1415.46;1,415.46;13.4(0.96 %);1,174,200,000;26,567.81;45,563,049;1,715.11;1,406.8;1,415.76;1,403.36
7/7/25;1402.06;1,402.06;15.09(1.09 %);1,229,755,700;26,282.71;68,883,600;1,988.74;1,393.34;1,402.45;1,393.24
4/7/25;1386.97;1,386.97;5.01(0.36 %);834,459,400;19,858.5;47,878,059;1,183.65;1,385.19;1,388.04;1,379.4
3/7/25;1381.96;1,381.96;-2.63(-0.19 %);1,314,346,000;30,379.46;93,117,663;2,642.5;1,381.64;1,392.39;1,377.06
2/7/25;1384.59;1,384.59;6.75(0.49 %);848,402,400;20,134.24;87,188,721;2,317.06;1,377.26;1,384.82;1,375.26
1/7/25;1377.84;1,377.84;1.77(0.13 %);724,810,900;17,801.53;90,106,824;3,200.91;1,378.14;1,382.16;1,369.74
30/6/25;1376.07;1,376.07;4.63(0.34 %);635,988,400;16,427.97;56,328,412;2,408.66;1,375.76;1,377.3;1,372.03
27/6/25;1371.44;1,371.44;5.77(0.42 %);677,408,300;17,399.39;44,655,870;1,559.52;1,369.13;1,373.28;1,362.09
26/6/25;1365.67;1,365.67;-1.08(-0.08 %);598,388,700;14,936.36;166,157,039;4,226.86;1,368.73;1,370.61;1,360.78
25/6/25;1366.75;1,366.75;-0.02(0.00 %);732,668,400;18,270.65;113,217,071;3,328.16;1,369.05;1,371.57;1,365.47
24/6/25;1366.77;1,366.77;8.59(0.63 %);881,075,100;22,176.92;89,794,401;3,415.29;1,365.69;1,371.24;1,362.05
23/6/25;1358.18;1,358.18;8.83(0.65 %);733,716,900;18,194.14;120,398,754;3,547.13;1,345.24;1,358.43;1,338.49
20/6/25;1349.35;1,349.35;-2.69(-0.20 %);777,899,400;20,155.92;74,904,241;2,097.37;1,354.69;1,356.78;1,347.36
19/6/25;1352.04;1,352.04;5.21(0.39 %);650,526,500;16,211.53;142,317,829;2,512.36;1,346.33;1,353.96;1,342.08
18/6/25;1346.83;1,346.83;-0.86(-0.06 %);765,955,700;18,522.75;83,715,562;630.74;1,350.17;1,353.99;1,341.64
17/6/25;1347.69;1,347.69;9.58(0.72 %);761,925,600;18,176.24;101,579,380;910.02;1,343.7;1,353.01;1,339.39
16/6/25;1338.11;1,338.11;22.62(1.72 %);777,670,300;19,241.53;74,012,829;772.51;1,314.05;1,338.72;1,313.4
13/6/25;1315.49;1,315.49;-7.5(-0.57 %);1,162,899,800;26,024.4;48,678,477;1,162.29;1,313.08;1,321;1,304.12
12/6/25;1322.99;1,322.99;7.79(0.59 %);810,608,400;18,748.71;48,873,589;985.06;1,321.25;1,326.03;1,316.8
11/6/25;1315.2;1,315.2;-1.03(-0.08 %);539,249,500;12,920.78;59,316,815;1,191.55;1,322.07;1,322.07;1,306.18
10/6/25;1316.23;1,316.23;5.66(0.43 %);702,363,000;16,988.76;75,215,210;1,282.7;1,307.74;1,323.61;1,307.74
9/6/25;1310.57;1,310.57;-19.32(-1.45 %);717,959,400;16,382.46;72,159,154;1,356.48;1,329.66;1,331.56;1,310.57
6/6/25;1329.89;1,329.89;-12.2(-0.91 %);900,021,900;20,299.12;78,580,872;1,950.03;1,339.13;1,341.78;1,329.67
5/6/25;1342.09;1,342.09;-3.65(-0.27 %);756,220,200;17,304.66;55,072,873;1,600.46;1,346.33;1,347.14;1,336.11
4/6/25;1345.74;1,345.74;-1.51(-0.11 %);951,867,300;20,888.75;85,857,291;2,277.59;1,350.52;1,351.14;1,341.53
3/6/25;1347.25;1,347.25;10.95(0.82 %);1,034,161,500;22,928.21;118,301,733;2,685.8;1,341.31;1,350.89;1,339.56
2/6/25;1336.3;1,336.3;3.7(0.28 %);859,792,300;18,607.98;100,089,997;2,058.01;1,330.71;1,336.77;1,322.95
30/5/25;1332.6;1,332.6;-9.26(-0.69 %);909,874,900;20,776.74;63,742,333;1,294.66;1,343.32;1,344.32;1,328.74
29/5/25;1341.86;1,341.86;-0.01(0.00 %);894,512,900;20,171.47;29,628,512;702.59;1,346.54;1,348.31;1,335.62
28/5/25;1341.87;1,341.87;2.06(0.15 %);898,070,400;20,864.23;61,310,721;1,404.64;1,344.08;1,348.05;1,337.18
27/5/25;1339.81;1,339.81;7.3(0.55 %);1,087,996,400;23,686.92;63,831,546;1,327.42;1,338.09;1,339.84;1,329.6
26/5/25;1332.51;1,332.51;18.05(1.37 %);995,694,500;2,140.2;64,816,440;1,723.22;1,317.01;1,332.6;1,288.86
23/5/25;1314.46;1,314.46;0.62(0.05 %);670,601,900;15,064.73;69,373,440;1,594.9;1,313.93;1,320.07;1,308.62
22/5/25;1313.84;1,313.84;-9.21(-0.70 %);1,175,703,300;25,116.98;30,630,873;1,108.57;1,319.97;1,331.93;1,312.82
21/5/25;1323.05;1,323.05;7.9(0.60 %);1,054,310,500;23,620.41;69,042,079;1,698.64;1,329.83;1,331.6;1,313.13
20/5/25;1315.15;1,315.15;18.86(1.45 %);917,183,900;20,398.24;89,215,693;2,498.03;1,298.62;1,316.67;1,298.62
19/5/25;1296.29;1,296.29;-5.1(-0.39 %);888,012,900;19,763.22;61,331,325;1,764.47;1,293.61;1,306.2;1,291.66
16/5/25;1301.39;1,301.39;-11.81(-0.90 %);891,476,200;19,310.85;45,889,695;1,085.74;1,314.25;1,316.53;1,299.1
15/5/25;1313.2;1,313.2;3.47(0.26 %);1,113,717,600;24,553.23;63,034,150;1,185.75;1,314.19;1,316.54;1,301.61
14/5/25;1309.73;1,309.73;16.3(1.26 %);982,402,600;22,865.38;127,619,869;3,721.65;1,295.3;1,312.1;1,294.66
13/5/25;1293.43;1,293.43;10.17(0.79 %);947,202,300;21,787.29;59,148,889;1,808.87;1,292.75;1,294.06;1,285.53
12/5/25;1283.26;1,283.26;15.96(1.26 %);897,833,900;19,781.15;63,929,077;1,684.82;1,272.66;1,283.86;1,267.7
9/5/25;1267.3;1,267.3;-2.5(-0.20 %);732,307,300;15,920.53;53,346,486;1,212.18;1,274.5;1,275.47;1,264.87
8/5/25;1269.8;1,269.8;19.43(1.55 %);828,921,500;18,232.94;23,915,081;833.08;1,255.34;1,253.31;1,240.67
7/5/25;1250.37;1,250.37;8.42(0.68 %);695,727,500;15,427.82;65,811,676;1,759.37;1,241.1;1,250.79;1,240.67
6/5/25;1241.95;1,241.95;1.9(0.15 %);723,040,799;16,061.59;49,907,935;1,526.94;1,244.3;1,251.02;1,240.75
5/5/25;1240.05;1,240.05;13.75(1.12 %);561,923,200;13,139.35;29,060,599;864.45;1,233.97;1,241.51;1,228.5
29/4/25;1226.3;1,226.3;-0.5(-0.04 %);561,661,016;12,139.45;110,038,830;3,306.34;1,227.25;1,229.1;1,222.3
28/4/25;1226.8;1,226.8;-2.43(-0.20 %);576,313,016;12,281;100,604,816;1,792.69;1,234.3;1,234.3;1,222.56
25/4/25;1229.23;1,229.23;5.88(0.48 %);787,289,901;18,375.97;67,719,303;1,711.56;1,227.16;1,230.72;1,220.67
24/4/25;1223.35;1,223.35;12.35(1.02 %);741,455,786;16,285.71;34,460,814;733.71;1,214.78;1,224.66;1,210.37
23/4/25;1211;1,211;13.87(1.16 %);786,534,109;17,150.62;68,444,106;1,840.98;1,215.65;1,216.28;1,202.27
22/4/25;1197.13;1,197.13;-9.94(-0.82 %);1,615,665,359;31,777.4;86,238,226;2,335.09;1,201.38;1,203.82;1,136.98
21/4/25;1207.07;1,207.07;-12.05(-0.99 %);819,133,019;17,396.1;61,679,731;1,242.17;1,220.38;1,222.77;1,201.63
18/4/25;1219.12;1,219.12;1.87(0.15 %);1,039,406,282;20,874.75;26,994,999;669.27;1,228.37;1,234.67;1,219.12
17/4/25;1217.25;1,217.25;6.95(0.57 %);697,087,594;15,720.89;84,448,827;4,188.82;1,201.63;1,217.25;1,197.5
16/4/25;1210.3;1,210.3;-17.49(-1.42 %);762,327,891;18,026.41;55,759,833;1,423;1,225.29;1,233.84;1,205.93
15/4/25;1227.79;1,227.79;-13.65(-1.10 %);1,004,299,988;22,761.75;64,445,704;1,429.45;1,233.2;1,246.21;1,221.75
14/4/25;1241.44;1,241.44;18.98(1.55 %);983,147,350;22,327.25;57,599,360;1,893.4;1,235.01;1,242.94;1,226.06
11/4/25;1222.46;1,222.46;54.12(4.63 %);1,697,947,853;37,326.75;32,495,053;714.31;1,198.25;1,222.46;1,180.59
10/4/25;1168.34;1,168.34;74.04(6.77 %);280,341,215;4,659.43;87,343,843;1,592.85;1,166.09;1,168.4;1,165.86
9/4/25;1094.3;1,094.3;-38.49(-3.40 %);1,518,648,938;30,328.51;80,600,438;1,999.77;1,073.61;1,141.35;1,073.61
8/4/25;1132.79;1,132.79;-77.88(-6.43 %);1,055,789,483;22,841.3;89,371,865;1,939.5;1,173.14;1,174.4;1,130.98
4/4/25;1210.67;1,210.67;-19.17(-1.56 %);1,873,633,940;39,539.37;110,263,100;2,644.1;1,159.33;1,210.67;1,158.17
3/4/25;1229.84;1,229.84;-87.99(-6.68 %);1,716,843,434;38,322.29;44,250,266;1,140.04;1,272.87;1,277.9;1,229.41
2/4/25;1317.83;1,317.83;0.5(0.04 %);709,130,132;15,718.29;140,080,202;3,577.05;1,321.53;1,324.46;1,317.68
1/4/25;1317.33;1,317.33;10.47(0.80 %);550,211,861;13,586.73;59,888,326;1,289.02;1,313.03;1,317.46;1,308.06
31/3/25;1306.86;1,306.86;-10.6(-0.80 %);753,141,476;17,545.02;112,783,358;3,614.64;1,313.51;1,314.09;1,304.1
28/3/25;1317.46;1,317.46;-6.35(-0.48 %);635,792,433;14,323.71;100,566,203;2,696.92;1,324.42;1,325.34;1,315.72
27/3/25;1323.81;1,323.81;-2.28(-0.17 %);564,278,774;12,739.63;108,046,275;3,343.52;1,325.98;1,328.82;1,323.01
26/3/25;1326.09;1,326.09;-5.83(-0.44 %);734,761,077;16,582.68;85,064,483;1,954.94;1,333.33;1,338.55;1,323.69
25/3/25;1331.92;1,331.92;1.6(0.12 %);825,911,387;17,419.96;184,668,832;4,874.41;1,335.29;1,337.6;1,329.81
24/3/25;1330.32;1,330.32;8.44(0.64 %);794,981,660;17,155.77;126,091,520;2,357.72;1,322.9;1,330.32;1,316.73
21/3/25;1321.88;1,321.88;-2.05(-0.15 %);714,329,789;15,010.32;90,059,730;1,923.44;1,324;1,325.22;1,320.67
20/3/25;1323.93;1,323.93;-0.7(-0.05 %);821,245,236;17,843.38;90,917,442;1,687.31;1,326.8;1,332.41;1,316.11
19/3/25;1324.63;1,324.63;-6.34(-0.48 %);835,603,365;20,239.27;112,750,235;3,173.06;1,330.4;1,330.7;1,320.85
18/3/25;1330.97;1,330.97;-5.29(-0.40 %);810,147,102;17,356.96;90,363,529;2,260.27;1,340.16;1,341.65;1,330.97
17/3/25;1336.26;1,336.26;10.11(0.76 %);837,533,176;18,017.81;116,653,167;2,256.11;1,330.62;1,336.26;1,329.05
14/3/25;1326.15;1,326.15;-0.12(-0.01 %);939,830,088;21,310.52;82,724,412;1,712.55;1,325.84;1,333.32;1,324.3
13/3/25;1326.27;1,326.27;-8.14(-0.61 %);997,493,162;23,111.02;70,168,872;1,318.66;1,335.66;1,340.91;1,324.87
12/3/25;1334.41;1,334.41;1.87(0.14 %);851,269,716;19,548.8;84,738,021;2,240.19;1,337.87;1,342.91;1,331.75
11/3/25;1332.54;1,332.54;2.26(0.17 %);847,446,213;18,989.82;85,312,975;2,357.68;1,319.17;1,332.54;1,315.92
10/3/25;1330.28;1,330.28;4.23(0.32 %);856,953,551;19,898.31;161,789,050;2,808.68;1,331.6;1,335.87;1,326.51
7/3/25;1326.05;1,326.05;7.83(0.59 %);892,233,477;19,535.41;63,181,137;1,085.72;1,320.1;1,327.07;1,318.71
6/3/25;1318.22;1,318.22;13.51(1.04 %);983,977,939;20,641.39;78,350,213;1,775.67;1,308.02;1,318.22;1,307.91
5/3/25;1304.71;1,304.71;-7.2(-0.55 %);770,488,829;17,353.13;203,476,957;4,762.71;1,312.84;1,319.52;1,304.71
4/3/25;1311.91;1,311.91;2.54(0.19 %);935,914,817;20,071.67;122,458,601;3,090.48;1,306.82;1,313.21;1,298.28
3/3/25;1309.37;1,309.37;4.01(0.31 %);801,877,821;17,043.58;161,359,839;3,866.15;1,306.97;1,309.77;1,304.3
28/2/25;1305.36;1,305.36;-2.44(-0.19 %);752,261,254;16,860.95;61,829,345;1,789.63;1,307.14;1,308.77;1,300.66
27/2/25;1307.8;1,307.8;4.84(0.37 %);846,430,144;17,754.17;45,278,556;954.31;1,307.31;1,307.87;1,296.43
26/2/25;1302.96;1,302.96;-0.2(-0.02 %);710,467,326;15,537.87;46,934,989;1,059.02;1,305.16;1,306.49;1,301.2
25/2/25;1303.16;1,303.16;-1.4(-0.11 %);827,866,418;18,130.35;57,788,908;1,435.33;1,306.86;1,309.97;1,298.54
24/2/25;1304.56;1,304.56;7.81(0.60 %);807,662,797;18,549.63;84,611,409;2,542.82;1,298.29;1,304.56;1,294.69
21/2/25;1296.75;1,296.75;3.77(0.29 %);667,595,047;14,469.85;72,438,607;1,438.07;1,293.63;1,296.75;1,290.98
20/2/25;1292.98;1,292.98;4.42(0.34 %);713,812,172;14,991.82;56,846,228;1,296.14;1,292.94;1,295.82;1,290.84
19/2/25;1288.56;1,288.56;10.42(0.82 %);736,572,664;15,354.33;75,150,536;2,055.7;1,280.6;1,288.56;1,278.92
18/2/25;1278.14;1,278.14;5.42(0.43 %);630,727,837;12,810.75;75,547,474;1,429.5;1,274.05;1,283.34;1,272.19
17/2/25;1272.72;1,272.72;-3.36(-0.26 %);739,296,299;15,412.48;113,401,092;2,252.09;1,277.12;1,278.49;1,272.72
14/2/25;1276.08;1,276.08;5.73(0.45 %);612,730,570;13,916.72;37,141,687;930.43;1,277.52;1,280.6;1,274
13/2/25;1270.35;1,270.35;3.44(0.27 %);471,455,473;10,841.47;40,242,989;888.68;1,267.25;1,270.67;1,263.85
12/2/25;1266.91;1,266.91;-1.54(-0.12 %);461,572,874;10,140.84;44,186,215;1,134.25;1,270.83;1,272.86;1,266.59
11/2/25;1268.45;1,268.45;5.19(0.41 %);571,766,983;12,731.69;56,630,367;1,465.59;1,265.44;1,268.45;1,263.11
10/2/25;1263.26;1,263.26;-11.94(-0.94 %);722,097,200;17,271.48;72,798,460;1,604.89;1,272.27;1,274.47;1,263.26
7/2/25;1275.2;1,275.2;3.72(0.29 %);549,313,151;12,549.53;68,447,444;2,106.26;1,271.98;1,279.35;1,269.11
6/2/25;1271.48;1,271.48;1.87(0.15 %);537,101,428;11,943.45;26,120,116;865.87;1,273.58;1,275.47;1,268.28
5/2/25;1269.61;1,269.61;4.93(0.39 %);533,621,747;11,917.12;52,952,055;1,396.72;1,268.43;1,271.8;1,266.18
4/2/25;1264.68;1,264.68;-0.37(-0.03 %);584,665,483;13,066.75;74,735,909;2,177.88;1,256.91;1,264.68;1,255.44
24/1/25;1265.05;1,265.05;5.42(0.43 %);495,593,378;11,104.12;28,668,915;706.24;1,259.26;1,265.38;1,258.46
23/1/25;1259.63;1,259.63;17.1(1.38 %);495,614,623;11,924.02;45,867,457;1,300.46;1,245.59;1,263.59;1,244.77
22/1/25;1242.53;1,242.53;-3.56(-0.29 %);400,238,906;9,323.75;100,038,831;2,586.6;1,248.26;1,249.14;1,242.53
21/1/25;1246.09;1,246.09;-3.46(-0.28 %);377,031,582;8,455.39;108,727,256;2,759.17;1,252.75;1,254.17;1,243.08
20/1/25;1249.55;1,249.55;0.44(0.04 %);356,668,087;7,786.57;74,936,828;2,094.72;1,250.13;1,253.02;1,247.5
17/1/25;1249.11;1,249.11;6.75(0.54 %);356,809,485;8,202.83;50,972,159;1,359.45;1,242.38;1,249.11;1,239.63
16/1/25;1242.36;1,242.36;6.18(0.50 %);401,866,522;9,440.25;88,196,352;3,477.55;1,241.74;1,245.4;1,235.56
15/1/25;1236.18;1,236.18;7.11(0.58 %);392,612,592;8,452.02;72,214,156;1,843.21;1,233.29;1,237.46;1,231.13
14/1/25;1229.07;1,229.07;-6.58(-0.53 %);322,277,955;7,132.29;48,770,437;1,257.18;1,234.77;1,235.54;1,226.7
13/1/25;1235.65;1,235.65;5.17(0.42 %);434,026,581;9,287.14;82,931,871;2,697.78;1,226.66;1,235.65;1,220.87
10/1/25;1230.48;1,230.48;-15.29(-1.23 %);474,210,876;10,437.21;18,355,524;611.88;1,245.6;1,247.8;1,230.48
9/1/25;1245.77;1,245.77;-5.25(-0.42 %);290,493,053;6,617.71;45,729,815;894.14;1,250.56;1,253.26;1,242.9
8/1/25;1251.02;1,251.02;2.24(0.18 %);367,525,429;8,500.28;72,869,816;1,632.29;1,246.16;1,251.02;1,239.67
7/1/25;1248.78;1,248.78;2.43(0.19 %);73,908,334;1,352.71;53,995,790;1,434.06;1,249.19;1,251.28;1,248.11
6/1/25;1246.35;1,246.35;-8.24(-0.66 %);515,112,770;12,168.04;48,195,462;1,460.24;1,254.79;1,260.37;1,244.87